Workbook

Sheet 일정관리
A1: 대분류 | B1: 중분류 | C1: 프로그램ID | D1: 작업명 | E1: 작업자 | F1: 시작일자 | G1: 종료일자 | H1: 실제근무일
A2: 개발 | B2: DB | C2: PRG008 | D2: 데이터검증 | E2: 작업자1 | F2: 2026-04-29 | G2: 2026-05-01 | H2: =NETWORKDAYS(F2,G2,Holidays!$A$2:$A$9) -> 3
A3: 설계 | B3: DB | C3: PRG001 | D3: 데이터조회 | E3: 작업자1 | F3: 2026-03-03 | G3: 2026-03-12 | H3: =NETWORKDAYS(F3,G3,Holidays!$A$2:$A$9) -> 8
A4: 배포 | B4: 인터페이스 | C4: PRG010 | D4: 승인처리 | E4: 작업자1 | F4: 46150 | G4: 2026-05-08 | H4: =NETWORKDAYS(F4,G4,Holidays!$A$2:$A$9) -> 1
A5: 배포 | B5: API | C5: PRG003 | D5: 로그인기능 | E5: 작업자1 | F5: 2026-03-23 | G5: 2026-03-31 | H5: =NETWORKDAYS(F5,G5,Holidays!$A$2:$A$9) -> 7
A6: 설계 | B6: 화면 | C6: PRG005 | D6: 알림기능 | E6: 작업자1 | F6: 2026-04-08 | G6: 2026-04-15 | H6: =NETWORKDAYS(F6,G6,Holidays!$A$2:$A$9) -> 6
A7: 배포 | B7: API | C7: PRG002 | D7: 알림기능 | E7: 작업자1 | F7: 46095 | G7: 2026-03-20 | H7: =NETWORKDAYS(F7,G7,Holidays!$A$2:$A$9) -> 5
A8: 테스트 | B8: 인터페이스 | C8: PRG004 | D8: 데이터검증 | E8: 작업자1 | F8: 2026-04-01 | G8: 2026-04-07 | H8: =NETWORKDAYS(F8,G8,Holidays!$A$2:$A$9) -> 5
A9: 테스트 | B9: DB | C9: PRG006 | D9: 알림기능 | E9: 작업자1 | F9: 2026-04-16 | G9: 46132 | H9: =NETWORKDAYS(F9,G9,Holidays!$A$2:$A$9) -> 3
A10: 배포 | B10: 인터페이스 | C10: PRG007 | D10: 보고서출력 | E10: 작업자1 | F10: 2026-04-23 | G10: 2026-04-28 | H10: =NETWORKDAYS(F10,G10,Holidays!$A$2:$A$9) -> 4
A11: 테스트 | B11: API | C11: PRG009 | D11: 알림기능 | E11: 작업자1 | F11: 2026-05-04 | G11: 2026-05-06 | H11: =NETWORKDAYS(F11,G11,Holidays!$A$2:$A$9) -> 2
A12: 설계 | B12: 화면 | C12: PRG005 | D12: 데이터조회 | E12: 작업자2 | F12: 2026-04-08 | G12: 2026-04-15 | H12: =NETWORKDAYS(F12,G12,Holidays!$A$2:$A$9) -> 6
A13: 개발 | B13: 화면 | C13: PRG004 | D13: 통계분석 | E13: 작업자2 | F13: 2026-03-30 | G13: 2026-04-07 | H13: =NETWORKDAYS(F13,G13,Holidays!$A$2:$A$9) -> 7
A14: 설계 | B14: API | C14: PRG007 | D14: 통계분석 | E14: 작업자2 | F14: 2026-04-21 | G14: 2026-04-30 | H14: =NETWORKDAYS(F14,G14,Holidays!$A$2:$A$9) -> 8
A15: 배포 | B15: 인터페이스 | C15: PRG009 | D15: 보고서출력 | E15: 작업자2 | F15: 2026-05-06 | G15: 2026-05-13 | H15: =NETWORKDAYS(F15,G15,Holidays!$A$2:$A$9) -> 6
A16: 배포 | B16: API | C16: PRG006 | D16: 파일업로드 | E16: 작업자2 | F16: 2026-04-16 | G16: 2026-04-20 | H16: =NETWORKDAYS(F16,G16,Holidays!$A$2:$A$9) -> 3
A17: 개발 | B17: 인터페이스 | C17: PRG002 | D17: 데이터조회 | E17: 작업자2 | F17: 2026-03-12 | G17: 2026-03-18 | H17: =NETWORKDAYS(F17,G17,Holidays!$A$2:$A$9) -> 5
A18: 설계 | B18: API | C18: PRG008 | D18: 데이터조회 | E18: 작업자2 | F18: 2026-05-01 | G18: 2026-05-05 | H18: =NETWORKDAYS(F18,G18,Holidays!$A$2:$A$9) -> 2
A19: 배포 | B19: API | C19: PRG003 | D19: 파일업로드 | E19: 작업자2 | F19: 2026-03-19 | G19: 2026-03-27 | H19: =NETWORKDAYS(F19,G19,Holidays!$A$2:$A$9) -> 7
A20: 개발 | B20: DB | C20: PRG001 | D20: 메인화면 | E20: 작업자2 | F20: 2026-03-03 | G20: 2026-03-11 | H20: =NETWORKDAYS(F20,G20,Holidays!$A$2:$A$9) -> 7
A21: 배포 | B21: 인터페이스 | C21: PRG010 | D21: 메인화면 | E21: 작업자2 | F21: 2026-05-14 | G21: 2026-05-18 | H21: =NETWORKDAYS(F21,G21,Holidays!$A$2:$A$9) -> 3
... A31: 개발 | B31: 화면 | C31: PRG007 | D31: 데이터조회 | E31: 작업자3 | F31: 2026-04-03 | G31: 2026-04-06 | H31: =NETWORKDAYS(F31,G31,Holidays!$A$2:$A$9) -> 2

Sheet Holidays
A1: 공휴일
A2: 2026-01-01
A3: 2026-03-01
A4: 2026-05-05
A5: 2026-06-06
A6: 2026-08-15
A7: 2026-10-03
A8: 2026-10-09
A9: 2026-12-25

Sheet 누락날짜시트
A1: 작업자 | B1: 누락된 날짜
A3: ※ 작업자 입력: | B3: 작업자1
A5: ※ 사용 수식 예시:
A6: =_xlfn.MINIFS(일정관리!$F2:$F31,일정관리!$E2:$E31,$B$3) -> 46095
A7: (작업자의 최소 시작일)
A8: =_xlfn.MAXIFS(일정관리!$G2:$G31,일정관리!$E2:$E31,$B$3) -> 46132
A9: (작업자의 최대 종료일)
